{"cameraMode":{"drawMode":0,"name":"Shaded","section":"Shading Mode"},"sceneLighting":false,"audioPlay":false,"sceneViewState":{"m_AlwaysRefresh":false,"showFog":true,"showSkybox":false,"showFlares":true,"showImageEffects":true,"showParticleSystems":true,"showVisualEffectGraphs":true,"m_FxEnabled":true},"in2DMode":false,"pivot":{"x":2.3167078495025636,"y":-1.2391071319580079,"z":0.786857545375824},"rotation":{"x":-0.00030575913842767477,"y":-0.9679674506187439,"z":0.2510939836502075,"w":-0.0011691764229908586},"size":0.4330156147480011,"orthographic":false}