{"cameraMode":{"drawMode":0,"name":"Shaded","section":"Shading Mode"},"sceneLighting":true,"audioPlay":false,"sceneViewState":{"m_AlwaysRefresh":false,"showFog":true,"showSkybox":true,"showFlares":true,"showImageEffects":true,"showParticleSystems":true,"showVisualEffectGraphs":true,"m_FxEnabled":false},"in2DMode":false,"pivot":{"x":-5.591273307800293,"y":11.180049896240235,"z":-94.88794708251953},"rotation":{"x":-0.0016178467776626349,"y":-0.8012562990188599,"z":0.5983131527900696,"w":-0.002166406949982047},"size":97.9870834350586,"orthographic":true}